"No.","Time","Source","Destination","Protocol","Length","HID Data","Info"
"917","1.819202","host","3.2.1","USB","91","600105000000000000000000000000000000000000000000000000000000000000000000â\200\246","URB_INTERRUPT out"
"923","1.827401","host","3.2.1","USB","91","600105000000000000000000000000000000000000000000000000000000000000000000â\200\246","URB_INTERRUPT out"
"4265","8.509997","host","3.2.1","USB","91","600105000000000000000000000000000000000000000000000000000000000000000000â\200\246","URB_INTERRUPT out"
"4271","8.515408","host","3.2.1","USB","91","600105000000000000000000000000000000000000000000000000000000000000000000â\200\246","URB_INTERRUPT out"
"6349","12.667264","host","3.2.1","USB","91","6002ff000000000000000000000000000000000000000000000000000000000000000000â\200\246","URB_INTERRUPT out"
"7477","14.920992","host","3.2.1","USB","91","0a04001700cdcccc3d000000000000000000000000000000000000000000000000000000â\200\246","URB_INTERRUPT out"
"7595","15.152610","host","3.2.1","USB","91","0a04001700ec51b83d000000000000000000000000000000000000000000000000000000â\200\246","URB_INTERRUPT out"
"7605","15.168548","host","3.2.1","USB","91","0a040017000ad7a33d000000000000000000000000000000000000000000000000000000â\200\246","URB_INTERRUPT out"
"7623","15.200545","host","3.2.1","USB","91","0a04001700295c8f3d000000000000000000000000000000000000000000000000000000â\200\246","URB_INTERRUPT out"
"7641","15.232558","host","3.2.1","USB","91","0a040017008fc2753d000000000000000000000000000000000000000000000000000000â\200\246","URB_INTERRUPT out"
"7649","15.242595","host","3.2.1","USB","91","0a04001700cdcc4c3d000000000000000000000000000000000000000000000000000000â\200\246","URB_INTERRUPT out"
"7763","15.466616","host","3.2.1","USB","91","0a040017000ad7233d000000000000000000000000000000000000000000000000000000â\200\246","URB_INTERRUPT out"
"7797","15.530627","host","3.2.1","USB","91","0a040017008fc2f53c000000000000000000000000000000000000000000000000000000â\200\246","URB_INTERRUPT out"
"7851","15.636624","host","3.2.1","USB","91","0a040017000ad7a33c000000000000000000000000000000000000000000000000000000â\200\246","URB_INTERRUPT out"
"7869","15.668621","host","3.2.1","USB","91","0a040017000ad7233c000000000000000000000000000000000000000000000000000000â\200\246","URB_INTERRUPT out"
"8213","16.352502","host","3.2.1","USB","91","0a040017000ad7233c000000000000000000000000000000000000000000000000000000â\200\246","URB_INTERRUPT out"
"8214","16.352604","host","3.2.1","USB","91","0a040017000ad7233c000000000000000000000000000000000000000000000000000000â\200\246","URB_INTERRUPT out"
"9115","18.146445","host","3.2.1","USB","91","0a04002a0003000000000000000000000000000000000000000000000000000000000000â\200\246","URB_INTERRUPT out"
"9119","18.151113","host","3.2.1","USB","91","0a04002a0003000000000000000000000000000000000000000000000000000000000000â\200\246","URB_INTERRUPT out"
"10337","20.584004","host","3.2.1","USB","91","600001eb281cfeff0000960000800000281c0000281c014f881300006400000000010000â\200\246","URB_INTERRUPT out"
"14779","29.465387","host","3.2.1","USB","91","0a040017000ad7233c000000000000000000000000000000000000000000000000000000â\200\246","URB_INTERRUPT out"
"14817","29.536406","host","3.2.1","USB","91","0a0400170000000000000000000000000000000000000000000000000000000000000000â\200\246","URB_INTERRUPT out"
"15797","31.493520","host","3.2.1","USB","91","600001890000000000000000000000000000000000000000000000000000000000000000â\200\246","URB_INTERRUPT out"
"15809","31.511566","host","3.2.1","USB","91","600001eb281cfeff0000960000800000281c0000281c014f881300006400000000010000â\200\246","URB_INTERRUPT out"
"19807","39.502769","host","3.2.1","USB","91","600001890000000000000000000000000000000000000000000000000000000000000000â\200\246","URB_INTERRUPT out"
"19811","39.507219","host","3.2.1","USB","91","600001890000000000000000000000000000000000000000000000000000000000000000â\200\246","URB_INTERRUPT out"
